"words","class","group","rooms","comments"
"examine | investigate | look | search | הבט | בחן | הסתכל| ראה | חפש | חקור | הביטי | בדוק | חקרי | חיקרי | חפשי | חיפשי | בחני | הסתכלי | ראי | בדקי | בידקי | הבטי","IMPERATIVE_VERB","1","in 001, 002, 003, 004, 005, 006, 007, 008, 009, 010, 011, 012, 013, 014, 015, 016, 017, 018, 019, 020, 021, 022, 023, 024, 025, 026, 027, 028, 029, 030, 031, 032, 033, 034, 035, 036, 037, 038, 039, 040, 041, 042, 043, 044, 045, 046, 047, 048, 049, 050, 051, 053, 054, 055, 056, 057, 058, 059, 060, 061, 062, 063, 064, 065, 066, 067, 068, 069, 070, 071, 073, 076, 077, 079, 080, 081, 082, 083, 084, 085, 086, 087, 088, 089, 090, 091, 092, 093, 094, 095, 503, 504, 505, 506, 507, 508, 509, 510, 511, 512, 513, 514, 516, 517, 518, 519, 600, 603, 604, 605, 654",""
"around | מסביב | סביב","PREPOSITION","114","in 001, 002, 003, 004, 005, 006, 007, 008, 009, 010, 011, 012, 013, 014, 015, 016, 017, 018, 019, 020, 021, 022, 023, 024, 025, 026, 027, 028, 029, 030, 031, 032, 033, 034, 035, 036, 037, 038, 039, 040, 041, 042, 043, 044, 045, 046, 047, 048, 049, 050, 051, 053, 054, 055, 056, 057, 058, 059, 060, 061, 062, 063, 064, 065, 066, 067, 068, 069, 070, 071, 076, 077, 079, 080, 081, 082, 083, 084, 085, 086, 087, 088, 089, 090, 091, 092, 093, 094, 095, 654",""
"room | חדר | חללים","NOUN","257","in 001, 002, 003, 004, 005, 006, 007, 008, 009, 010, 011, 012, 013, 014, 015, 016, 017, 018, 019, 020, 021, 022, 023, 024, 025, 026, 027, 028, 029, 030, 031, 032, 033, 034, 035, 036, 037, 038, 039, 040, 041, 042, 043, 044, 045, 046, 047, 048, 049, 050, 051, 053, 055, 056, 057, 058, 059, 060, 061, 062, 063, 064, 065, 066, 067, 068, 069, 070, 071, 076, 077, 079, 080, 081, 082, 083, 084, 085, 086, 087, 088, 089, 090, 091, 092, 093, 094, 095, 654",""
"brook | river | stream | נחל | פלג | זרם | נהר","NOUN","6","in 001, 002, 025, 512",""
"grass | meadow | meadowland | weed | דשא | עשב | ירק | אחו","NOUN","11","in 001, 006, 007, 013, 018, 019, 025, 036, 037, 038, 503, 505, 506, 507, 508, 509, 510, 513",""
"cupid | קופידון | אהבה","NOUN","67","in 003",""
"column | columns | pillar | עמוד | עמודים | תומכה","NOUN","77","in 003",""
"acquire | carry | get | grab | obtain | pick | take | קח | קחי | טול | טולי | לקח | לקחי | קטוף | קטפי","IMPERATIVE_VERB","2","in 003, 004, 006, 007, 015, 022, 023, 025, 028, 029, 036, 037, 038, 042, 043, 044, 045, 046, 047, 048, 049, 050, 053, 054, 056, 057, 058, 059, 060, 062, 063, 064, 065, 066, 067, 068, 069, 070, 071, 079, 081, 082, 083, 084, 086, 087, 089, 094, 095, 503, 504, 505, 506, 507, 508, 509, 510, 512, 513, 514, 516, 517, 518, 519, 600, 603, 604, 605, 654",""
"converse | hello | hi | speak | talk | שוחח | שוחחי | שלום | פטפט | פטפטי | דבר | דברי","IMPERATIVE_VERB","57","in 003, 004, 015, 023, 029, 031, 036, 037, 038, 042, 043, 045, 046, 047, 048, 049, 050, 056, 057, 059, 060, 069, 079, 081, 082, 087, 094, 095, 504, 505, 507, 508, 509, 510, 514, 516, 517, 518, 519, 600, 603, 604, 605, 654",""
"capture | catch | תפוס | תפסי | לכוד | לכדי | צוד | צודי | תיפסי | דוגי | ליכדי | דוג","IMPERATIVE_VERB","48","in 003, 004, 015, 023, 029, 036, 037, 038, 043, 044, 045, 046, 047, 048, 049, 050, 059, 060, 069, 079, 082, 087, 094, 095, 503, 504, 505, 507, 508, 510, 512, 513, 514, 517, 518, 519, 603, 604, 605",""
"climb | scale | טפס | טפסי | גלוש | גלשי","IMPERATIVE_VERB","107","in 003, 006, 009, 018, 030, 043, 044, 060, 063, 069, 070, 079, 505, 506, 507, 508, 509, 510, 511, 513, 518, 600, 605",""
"in | inside | into | בתוך | לתוך | פנימה","PREPOSITION","18","in 003, 006, 015, 016, 024, 028, 036, 042, 043, 044, 045, 048, 053, 054, 057, 058, 059, 060, 062, 063, 067, 068, 069, 070, 077, 081, 082, 089, 095, 503, 505, 512, 513, 519, 605",""
"dirt | earth | floor | ground | land | אדמה | רצפה | קרקע | יבשה","NOUN","9","in 003, 006, 015, 023, 029, 036, 037, 038, 042, 043, 045, 046, 047, 048, 049, 050, 051, 053, 054, 057, 058, 059, 060, 061, 062, 063, 064, 065, 066, 067, 068, 069, 070, 071, 079, 081, 082, 083, 084, 085, 086, 087, 088, 089, 090, 091, 092, 093, 503, 505, 506, 507, 508, 509, 510, 513, 600, 605, 654",""
"under | מתחת | תחת","PREPOSITION","19","in 003, 007, 015, 021, 024, 036, 042, 043, 044, 045, 048, 049, 050, 053, 054, 060, 062, 064, 067, 070, 081, 082, 089, 091, 092, 095, 503, 505, 519, 654",""
"kiss | נשק | נשקי","IMPERATIVE_VERB","179","in 003, 007, 015, 023, 029, 031, 036, 037, 038, 042, 043, 045, 046, 047, 049, 056, 057, 059, 060, 069, 082, 087, 094, 095, 504, 505, 507, 508, 510, 514, 516, 517, 518, 519, 600, 603, 604, 605, 654",""
"deliver | donate | give | offer | present | תן | תני | הגש | הגישי | הענק | הענקי","IMPERATIVE_VERB","65","in 003, 007, 015, 023, 029, 031, 036, 037, 042, 043, 045, 047, 048, 049, 050, 056, 057, 059, 060, 069, 079, 082, 087, 095, 504, 509, 510, 514, 516, 517, 518, 600, 603, 604, 605, 654",""
"pole | קנה | חכה","NOUN","119","in 003, 007, 015, 036, 042, 095, 512, 513",""
"rob | seize | snatch | steal | swipe | גנוב | גנבי | גינבי | חטוף | חטפי | שדוד | שדדי","IMPERATIVE_VERB","61","in 003, 007, 015, 042, 045, 049, 050, 056, 057, 069, 095, 514, 516, 600",""
"pool | בריכה | שלולית","NOUN","74","in 003, 009, 024, 070",""
"enter | go | היכנס | היכנסי | לך | לכי | צעד | צעדי | הכנסי","IMPERATIVE_VERB | INDICATIVE_VERB","41","in 003, 015, 018, 024, 036, 070, 095, 503, 512, 513",""
"water | מים | מימיות | נוזל","NOUN","4","in 003, 015, 024, 025, 031, 036, 037, 043, 044, 070, 095, 503, 505, 512, 513, 519",""
"bathe | float | splash | swim | שחה | שחי | רחץ | רחצי | צוף | צופי | התיז | התיזי","IMPERATIVE_VERB","40","in 003, 015, 024, 036, 043, 044, 070, 095, 503, 512, 513, 519",""
"dive | plunge | צלול | צללי","IMPERATIVE_VERB","71","in 003, 015, 024, 036, 070, 095, 503, 513, 519",""
"drink | שתה | שתי | לגום | לגמי | משקה","NOUN | IMPERATIVE_VERB","39","in 003, 015, 025, 036, 042, 043, 044, 054, 057, 070, 095, 503, 512, 513, 519",""
"fish | דג | דגה | דגים","NOUN | IMPERATIVE_VERB","47","in 003, 015, 031, 032, 036, 042, 043, 044, 095, 503, 512, 513, 519",""
"stair | staircase | stairs | stairway | step | מדרגה | מדרגות | שלבים","NOUN","169","in 003, 017, 045, 046, 048, 049, 053, 054, 058, 061, 066, 068, 081, 082, 085, 088, 090, 092, 093, 654",""
"play | שחק | שחקי | נגן | נגני | השתעשע | השתעשעי","IMPERATIVE_VERB","63","in 003, 043, 058, 059, 063, 514, 603",""
"out | outside | החוצה | בחוץ | מחוץ","PREPOSITION","53","in 003, 046, 055, 057, 071, 073, 605",""
"hop | jump | leap | קפוץ | קפצי | זנק | זנקי","IMPERATIVE_VERB","72","in 003, 077, 095",""
"arrowח | arrows | bow | חץ | חיצים | קשת","NOUN","68","in 003, 082, 518",""
"cottage | dwelling | home | house | hut | mansion | shack | shanty | בית | בקתה | מעון | ארמון | צריף","NOUN","81","in 004, 005, 007, 008, 010, 013, 017, 022, 023, 048, 049, 050, 051, 054",""
"open | פתח | פתחי | פיתחי | גולל | גוללי","IMPERATIVE_VERB","85","in 004, 005, 007, 008, 017, 018, 022, 028, 037, 042, 044, 045, 047, 048, 049, 051, 053, 054, 058, 059, 060, 062, 063, 066, 067, 068, 069, 080, 081, 082, 083, 084, 086, 087, 089, 092, 094, 095",""
"door | doors | doorway | doorways | דלת | דלתות | נעילה","NOUN","83","in 004, 005, 007, 008, 017, 018, 022, 028, 037, 042, 047, 048, 049, 051, 054, 055, 066, 067, 068, 080, 081, 082, 083, 086, 087, 088, 089, 090, 091, 092, 093",""
"break | shatter | שבור | שברי | ניפץ | רסק | רסקי | נפצי | ניפצי","IMPERATIVE_VERB","98","in 004, 005, 007, 008, 017, 018, 022, 028, 047, 048, 081, 082, 083, 084, 089, 509",""
"window | windows | חלון | חלונות | אשנב","NOUN","97","in 004, 005, 007, 008, 017, 022, 042, 045, 046, 048, 049, 050, 053, 054, 059, 060, 062, 063, 064, 065, 081, 082, 083, 084, 089, 654",""
"bang | knock | rap | tap | דפוק | דפקי | הקש | הקישי | טרוק | טרקי | נקוש | נקשי","IMPERATIVE_VERB","96","in 004, 007, 017, 018, 022, 028, 037, 047, 048, 069, 082, 086, 087",""
"unlatch | unlock | שחרר | שחררי","IMPERATIVE_VERB","87","in 004, 007, 017, 018, 022, 028, 047, 048, 081, 082, 083, 086, 087, 092",""
"giantess | ogress | ענקית | מפלצתית | גוליית","NOUN","80","in 004, 048, 050",""
"buck | deer | doe | אייל | צבי | איילה","NOUN","385","in 004, 050",""
"bucket | pail | דלי | כד | גיגית","NOUN","116","in 004, 056, 600",""
"blossom | blossoms | flower | flowers | wildflower | wildflowers | פרח | פרחים | ציצה | לבלב | שושן","NOUN","14","in 006, 009, 014, 015, 022, 036, 037, 038, 045, 046, 047, 503, 505, 507, 508, 509, 510, 513",""
"boulder | boulders | rock | rocks | stone | stones | סלע | סלעים | אבן | אבנים | גלעד | נענע","IMPERATIVE_VERB | NOUN","7","in 006, 009, 016, 018, 030, 059, 070, 079, 080, 503, 505, 506, 507, 508, 509, 510, 513, 600, 605",""
"forest | tree | trees | woods | יער | עצים | חורשה","NOUN","15","in 006, 012, 016, 036, 037, 038, 043, 079, 503, 505, 506, 507, 508, 509, 510, 513",""
"bush | bushes | hedge | shrub | shrubs | שיח | שיחים | סבך","NOUN","12","in 006, 017, 036, 037, 038, 503, 505, 506, 507, 508, 509, 510, 513",""
"kill | murder | slay | הרוג | הרגי | הירגי | רצח | רצחי | סלק | סלקי | סילקי","IMPERATIVE_VERB","62","in 006, 023, 029, 045, 046, 047, 048, 049, 050, 057, 059, 060, 069, 082, 509, 510, 514, 517, 519, 600, 603, 605, 654",""
"flora | foliage | plant | plants | vine | vines | צמח | צמחים | גפן | גפנים | עלווה","NOUN","13","in 006, 036, 037, 038, 043, 045, 046, 047, 070, 503, 505, 506, 507, 508, 509, 510, 513",""
"up | למעלה | מעלה","PREPOSITION","51","in 006, 044, 046, 058, 059, 060, 061, 066, 069, 073, 085, 088, 090, 093, 503, 509, 654",""
"skull | גולגולת | גוגולת | קודקוד","NOUN","111","in 006, 057",""
"cave | cavern | מערה | מחילה","NOUN","110","in 006, 057, 070, 071, 073, 077, 605",""
"sky | שמיים","NOUN","10","in 006, 073, 085, 088, 090, 093, 503, 509, 519",""
"anchor | עוגן | מוט | תקע","NOUN","472","in 007",""
"fisherman | דייג | צייד | חכאי","NOUN","128","in 007, 013, 042, 095",""
"dock | pier | מזח | מעגן | דק","NOUN","115","in 007, 013, 095",""
"close | shut | סגור | סגרי | סיגרי | אטום | אטמי","IMPERATIVE_VERB","86","in 007, 017, 018, 028, 042, 049, 051, 053, 054, 058, 060, 063, 066, 067, 081, 082, 086, 087, 089, 094",""
"help | עזור | עזרי | הושע | הושיעי | סייע | סייעי | עזרה","NOUN | IMPERATIVE_VERB","239","in 007, 023, 029, 042, 044, 045, 046, 047, 050, 059, 060, 069, 082, 083, 094, 095, 600, 603",""
"at | ליד | ב","PREPOSITION","16","in 012, 044, 045, 048, 050, 051, 605",""
"person | אדם | נפש","NOUN","468","in 013, 030, 042, 044",""
"fellow | gentleman | guy | man | men | איש | גבר | בעל | טרובדור","NOUN","129","in 013, 030, 044, 051, 087, 095, 516, 604, 654",""
"fishwife | girl | girls | lady | maiden | wife | woman | women | אישה | נשים | עלמה | נערה | גברת","NOUN","216","in 013, 042, 060",""
"smell | sniff | הרח | הריחי | רח | רחי | שאף | שאפי","IMPERATIVE_VERB","405","in 014",""
"stump | גזע | גדם | שריד","NOUN","469","in 014",""
"lilies | lily | חבצלת | חבצלות","NOUN","172","in 015",""
"pad | pads | רפידה","NOUN","173","in 015",""
"frog | toad | צפרדע | קרפד | אמפיבי","NOUN","174","in 015",""
"ball | כדור","NOUN","176","in 015",""
"prince | נסיך | שר | יורש","NOUN","181","in 015",""
"wade | שכשך | שכשכי | דרוך | דרכי | דירכי","IMPERATIVE_VERB","73","in 015, 024, 036, 503, 512, 513",""
"place | put | set | שים | שימי | הנח | הניחי | מקם | מקמי | מקום | השחל | השחילי","IMPERATIVE_VERB | NOUN","122","in 015, 024, 042, 059, 069, 076, 513, 518",""
"crown | jonathan | כתר | עטרה | זר","NOUN","178","in 015, 024, 513",""
"lake | pond | אגם | ימה | ברכת","NOUN","171","in 015, 036",""
"down | למטה | מטרה","ADVERB","52","in 015, 042, 043, 045, 046, 047, 048, 049, 050, 051, 053, 054, 057, 058, 059, 060, 061, 062, 063, 064, 065, 066, 067, 068, 069, 071, 076, 079, 081, 082, 083, 084, 085, 086, 087, 088, 089, 090, 091, 092, 093, 503, 505, 506, 507, 508, 510, 600, 605, 654",""
"cast | fling | pitch | throw | toss | העף | העיפי | זרוק | זירקי | השלך | השליכי | זרקי | השלכי | העפי","IMPERATIVE_VERB","125","in 003, 015, 036, 043, 049, 057, 059, 095, 504, 512, 513",""
"find | locate | מצא | מצאי | מיצאי | איתר | איתרי | גלה | גלי | גילי","IMPERATIVE_VERB","201","in 015, 043, 058, 067, 073, 076, 605",""
"drop | הפל | הפילי","IMPERATIVE_VERB","175","in 015, 059, 069",""
"grave | graves | plot | plots | קבר | קברים | גורן","NOUN","138","in 016, 017, 018, 510",""
"gravestone | gravestones | headstone | headstones | tombstone | tombstones | מצבה | מצבות | אנדרטה","NOUN","139","in 016, 017, 018, 510",""
"read | study | קרא | קראי | למד | למדי | עיין | עייני","IMPERATIVE_VERB","135","in 016, 018, 068, 069",""
"epitaph | epitaphs | hieroglyphic | hieroglyphics | inscription | inscriptions | word | words | writing | writings | הספד | כתובת | חריטה | מילה | כתב","NOUN","347","in 016, 018, 069",""
"hole | חור | בור | נקב","NOUN","144","in 016, 018, 051, 076, 510",""
"dig | חפור | חפרי | כרה | כרי | עקור | עקרי","IMPERATIVE_VERB","142","in 016, 018, 510",""
"cross | צלב | חצה | חצי","NOUN | IMPERATIVE_VERB","383","in 016, 511, 513",""
"wall | walls | קיר | קירות | חומה","NOUN","162","in 017, 042, 045, 046, 047, 048, 049, 050, 051, 053, 054, 057, 058, 059, 060, 061, 062, 063, 064, 065, 066, 067, 068, 069, 081, 082, 083, 084, 086, 087, 088, 089, 090, 091, 092, 094, 600, 604, 654",""
"cemetery | graveyard | קברות","NOUN","137","in 017, 510",""
"fence | גדר | משוכה | סייג","NOUN","161","in 017, 510",""
"lion | אריה | לביא | לבואה","NOUN","473","in 018",""
"cliff | cliffs | mountain | mountains | mountainside | צוק | הר | הרים | מצוק | מדרון","NOUN","112","in 018, 019, 070, 079, 080, 511, 513",""
"latch | lock | בריח | מנעול | המנעול | נעל | נעלי","NOUN | IMPERATIVE_VERB","88","in 018, 028, 051, 067",""
"monument | monuments | statue | statues | פסל | פסלים","NOUN","140","in 018, 038, 510",""
"crypt | tomb | vault | מרתף | קריפטה | קבורה","NOUN","141","in 018, 069, 510",""
"bridge | גשר","NOUN","195","in 021, 036",""
"wheel | גלגל | אופן | עגלה","NOUN","197","in 022, 083",""
"earthworm | worm | תולעת | זחל | שילשול","NOUN","123","in 023, 029",""
"robin | אדום-חזה","NOUN","391","in 023, 029",""
"bird | birds | ציפור | ציפורים | עופות","NOUN","45","in 023, 029, 031, 036, 037, 038, 043, 504, 505, 507, 508, 604",""
"crow | raven | עורב | זרזיר | קורא","NOUN","362","in 023, 029, 507, 508, 604",""
"behind | מאחורי | אחרי | מעבר","PREPOSITION","109","in 024, 058, 067, 068, 091, 092, 510",""
"falls | waterfall | מפל | מפלי | שטף","NOUN","184","in 024, 070, 071",""
"dennis | don | wear | חבוש | חבשי | לבש | לבשי | הרכב | הרכיבי | ענוד | ענדי | חיבשי | עינדי","IMPERATIVE_VERB","153","in 024, 513",""
"beach | coast | sand | shore | חוף | חול | שפה | חלקה","NOUN","8","in 025, 036, 037, 038, 043, 503, 505",""
"padlock | תליה | סגר","NOUN","409","in 028",""
"hill | גבעה | תל | רמה","NOUN","436","in 028",""
"mine | shaft | מכרה | פיר","NOUN","198","in 028, 055, 056, 600",""
"detach | remove | הסר | הסירי | היסירי | נתק | נתקי | ניתקי | פרוק | פרקי | פירקי","IMPERATIVE_VERB","158","in 028, 063, 081, 513",""
"path | road | trail | walk | walkway | שביל | מסלול | נתיב","IMPERATIVE_VERB | NOUN","199","in 030, 036, 037, 038, 079, 080, 600",""
"goon | goons | henchman | henchmen | בריון | עוזר | משרת | בריונים","NOUN","370","in 030, 079, 087, 604",""
"shark | כריש | דורס","NOUN","489","in 031",""
"island | isle | אי | איים | טבור","NOUN","203","in 031, 032, 033, 034, 035, 036, 037, 038, 039, 040, 041, 043",""
"ocean | sea | ים | אוקיינוס","NOUN","3","in 031, 036, 037, 038, 043, 095, 503, 505, 513, 519",""
"dolphin | dolphins | porpoise | דולפין | דולפינים","NOUN","229","in 031, 038, 043",""
"pat | pet | stroke | ליטף | ליטפי | לטפי | לחוש | לחשי | ליחשי","IMPERATIVE_VERB","189","in 031, 043, 045, 049, 094, 518",""
"mount | ride | רכב | רכבי | ריכבי | נסע | נסעי | ניסעי | עלי | עלה","IMPERATIVE_VERB","191","in 031, 043, 059, 094, 518",""
"gull | gulls | seagull | seagulls | שחף | שחפים | נחליאלי","NOUN","46","in 031, 043, 095, 504",""
"castle | fortress | palace | טירה | מבצר | היכל | משכן","NOUN","202","in 032, 036, 037, 038, 079, 080, 081, 082, 083, 085, 086, 087, 088, 089, 090, 091, 092, 093, 505",""
"tamir | תמיר | מלך","NOUN","460","in 032, 043, 505",""
"swan | swans | ברבור | ברבורים | יפעת","NOUN","213","in 036",""
"cockatoo | אורה","NOUN","485","in 036",""
"garden | park | גן | פארק | בוסתן","NOUN","214","in 036, 037, 038, 505",""
"sit | שב | שבי | התיישב | התיישבי | היתיישבי","IMPERATIVE_VERB","221","in 036, 042, 049, 054, 058, 059, 064, 067, 086, 091, 092",""
"bench | ספסל","NOUN","309","in 036, 058",""
"parrot | תוכי","NOUN","452","in 036, 505",""
"fairies | fairy | fairys | פיה | פיות","NOUN","205","in 037, 045, 046, 047, 082",""
"kettle | קומקום","NOUN","439","in 042",""
"knitting | yarn | סריגה","NOUN","440","in 042",""
"coffee | קפה | שתיה","NOUN","441","in 042",""
"dough | בצק | עיסה","NOUN","461","in 042",""
"can | פח | מיכל | שימורים","NOUN","466","in 042",""
"people | אנשים | בני","NOUN","471","in 042",""
"bread | לחם | ככר | מאפה","NOUN","482","in 042",""
"cup | ספל | גביע | כוס","NOUN","491","in 042",""
"create | make | צור | צרי | צירי | הכן | הכיני | היכיני","IMPERATIVE_VERB","254","in 042, 044, 053",""
"on | על | גבי","PREPOSITION","17","in 042, 045, 048, 053, 059, 060, 062, 069, 082, 083, 518, 605",""
"lay | lie | שכב | שכבי | שיכבי | השתרע | השתרעי | הישתרעי | רבוץ | רבצי | ריבצי","IMPERATIVE_VERB","223","in 042, 045, 048, 053, 060, 062, 076, 081, 082",""
"bed | beds | cot | cots | מיטה | מיטות | ערש | משכב","NOUN","222","in 042, 045, 048, 053, 060, 062, 081, 082",""
"sleep | שינה | ישן | ישני | יישני | נמנם | נמנמי | נימנמי | דמם | דממי | דיממי | לישון","NOUN | IMPERATIVE_VERB","444","in 042, 045, 048, 053, 060, 062, 081, 082",""
"table | שולחן | שולחנות | טבלה","NOUN","218","in 042, 049, 050, 054, 064, 067, 068, 086, 087, 089, 091, 654",""
"chair | chairs | כיסא | כיסאות | מושב","NOUN","219","in 042, 049, 059, 060, 064, 067, 086, 654",""
"stove | woodstove | תנור | כיריים","NOUN","217","in 042, 050",""
"caldron | cauldron | pans | pot | דוד | קדרה | סיר | מחבת | מרחשת","NOUN","288","in 042, 050, 054, 057, 065, 089, 654",""
"shelf | shelves | מדף | מדפים","NOUN","331","in 042, 053, 057, 065, 067, 084",""
"chew | eat | taste | טעם | לעוס | לעסי | ליעסי | אכול | אכלי | איכלי | טעום | טעמי | טיעמי","IMPERATIVE_VERB","124","in 042, 054, 057, 519, 654",""
"shipwreck | shipwrecks | wreck | wrecks | טרופה | הריסות | שברים","NOUN","226","in 043",""
"pelican | שקנאי | דרור","NOUN","228","in 043",""
"palm | דקל | תמר | כף","NOUN","412","in 043",""
"coconut | קוקוס | אגוז","NOUN","458","in 043",""
"boat | boats | rowboat | rowboats | ship | ships | סירה | סירות | אוניה | אוניות | ספינה","NOUN","227","in 043, 044",""
"feed | האכל | האכילי | היאכילי | הזן | הזיני | היזיני | פרנס | פרנסי | פירנסי","IMPERATIVE_VERB","186","in 043, 049, 059, 095, 504, 518",""
"whistle | שורק | משרוקית | צפצפת | שרוק | שרקי | שירקי","NOUN | IMPERATIVE_VERB","230","in 043, 049, 082, 604",""
"blow | toot | נשוף | נשפי | נישפי | נפח | נפחי | ניפחי","IMPERATIVE_VERB","231","in 043, 049, 082, 604",""
"lips | mouth | שפתיים | פה | לועת","NOUN","180","in 044",""
"whale | whale's | לוויתן | לויתני","ADJECTIVE | NOUN","232","in 044",""
"molar | molars | teeth | tooth | שן | שיניים | טוחנת","NOUN","233","in 044",""
"tongue | לשון","NOUN","234","in 044",""
"esophagus | gullet | throat | וושט | גרון | בולע","NOUN","235","in 044",""
"tickle | דגדג | דגדגי | דיגדגי | גרה | גרי | צחקק | צחקקי | ציחקקי","IMPERATIVE_VERB","237","in 044",""
"begin | start | התחל | התחילי | היתחילי | החל | החלי | היחלי","INDICATIVE_VERB | IMPERATIVE_VERB","250","in 044",""
"uvula | לשונית | ענבל | עינבל","NOUN","413","in 044",""
"force | pry | כפה | כפי | כיפי | לחץ | לחצי | ליחצי | פרוץ | פרצי | פירצי","IMPERATIVE_VERB","414","in 044",""
"james | ג'יימס","NOUN","453","in 044",""
"fire | אש | להבה | שריפה","NOUN","252","in 044, 054, 057, 654",""
"bottle | jar | בקבוק | צנצנת ","NOUN","407","in 044, 057, 065",""
"skeleton | skeletons | שלד | שלדים | מאסטר","NOUN","91","in 044, 081, 082, 083",""
"call | holler | scream | shout | yell | צעק | צעקי | ציעקי | זעק | זעקי | זיעקי | צווח | צווחי","IMPERATIVE_VERB","238","in 044, 083",""
"hit | kick | punch | slap | strike | הכה | הכי | היכי | בעט | בעטי | ביעטי | היכה | סטור | סטרי | סיטרי","IMPERATIVE_VERB","236","in 044, 509, 600",""
"ignite | הבער | הבעירי | היבעירי | הצת | הציתי | היציתי | הדלקי | הידלקי","IMPERATIVE_VERB","253","in 044, 605",""
"white | לבן | צח","ADJECTIVE","37","in 045",""
"genesta | genestas | גנסטה","NOUN","209","in 045",""
"chamber | לשכה","NOUN","256","in 045",""
"snow | שלג | ברד | קרח","NOUN","258","in 045",""
"leopard | נמר | ברדלס | טורף","NOUN","259","in 045",""
"magic | magical | קסם | קסמים | מאגי","ADJECTIVE","274","in 045",""
"wand | שרביט | מטה | מקל","NOUN","447","in 045",""
"little | small | tiny | קטן | קטנה | זעיר | זעירה | פצפון","ADJECTIVE","92","in 045, 046, 047",""
"tower | towers | מגדל | מגדלים | צריח","NOUN","167","in 045, 046, 058, 061, 066, 081, 082, 085, 088, 090, 093",""
"drawer | drawers | מגירה | מגירות","NOUN","266","in 045, 048, 053, 058, 059, 060, 062, 081",""
"chest | trunk | תיבה","NOUN","265","in 045, 048, 053, 059, 060, 062, 063, 067, 081, 084",""
"dresser | שידה","NOUN","264","in 045, 048, 053, 059, 060, 062, 081",""
"bedroom","NOUN","275","in 045, 048, 059, 081, 082",""
"return | שוב | שובי | חזור | חזרי | חיזרי | הושב | הושיבי | השיבי","IMPERATIVE_VERB","294","in 045, 056, 057, 069, 600",""
"amulet | talisman | קמיע | מגן | קמע","NOUN","375","in 045, 082",""
"through | דרך | מבעד","PREPOSITION","42","in 046",""
"painting | paintings | picture | pictures | portrait | portraits | ציור | ציורים | תמונה | תמונות | דיוקן","NOUN","159","in 046, 067, 068, 091, 092",""
"tapestries | tapestry | אריג","NOUN","319","in 046, 091, 092",""
"entry | entryway | foyer | כניסה | מבוא | פרוזדור","NOUN","343","in 047",""
"key | מפתח | ברזל","NOUN","90","in 047, 058, 081, 082",""
"use | השתמש | השתמשי | הישתמשי | נצל | נצלי | ניצלי | הפעל | הפעילי | היפעילי","IMPERATIVE_VERB","69","in 047, 058, 081, 082, 083, 095, 509",""
"hall | hallway | אולם","NOUN","324","in 047, 086, 087",""
"carpet | rug | שטיח | מחצלת | ריצוף","NOUN","224","in 048, 049, 053, 054, 059, 060, 062, 067, 068, 081, 082, 092, 654",""
"mirror | מראה | משקף","NOUN","267","in 048, 053, 062, 068, 081, 082",""
"barrel | barrels | keg | kegs | חבית | חביות | חבתית","NOUN","117","in 048, 065, 084, 089, 095",""
"ax | axe | hatchet | גרזן | כרסום | קרדום","NOUN","101","in 048, 509",""
"bulldog | cur | dog | mongrel | mutt | כלב | כלבלב | בולדוג","NOUN","269","in 049",""
"egg | eggs | ביצה | ביצים","NOUN","273","in 049",""
"closet | ארון-בגדים | ארון","NOUN","268","in 049, 051, 054",""
"calm | hush | placate | quiet | soothe | tame | הרגע | הרגיעי | הירגיעי | שקט | שקטי | שיקטי | פייס | פייסי | פיסי | אלף | אלפי | אילפי","IMPERATIVE_VERB","315","in 049, 059",""
"gold | golden | זהב","ADJECTIVE | NOUN","32","in 049, 081, 082",""
"awaken | wake | waken | העיר | העירי | היעירי | התעורר | התעוררי | היתעוררי","IMPERATIVE_VERB","365","in 049, 082, 604",""
"chicken | hen | תרנגולת | עוף | פרגית","NOUN","270","in 049, 084",""
"giant | ogre | ענק | אורק | אורג","ADJECTIVE | NOUN","79","in 049, 517",""
"kitchen | מטבח","NOUN","276","in 050, 054, 065, 089",""
"keyhole","NOUN","95","in 051",""
"clean | tidy | נקה | נקי | ניקי | צחצח | צחצחי | ציחצחי | סדרילל","IMPERATIVE_VERB","282","in 053, 054",""
"sweep | טאטא | טאטאי | טיאטאי | כבדי | כיבדי | גרוף | גרפי | גירפי","IMPERATIVE_VERB","284","in 053, 054",""
"dust | נגב | נגבי | ניגבי | אבק | אבקי | איבקי","IMPERATIVE_VERB","285","in 053, 054",""
"furniture | רהיט | רהיטים","NOUN","287","in 053, 054, 067",""
"scrub | wash | שפשף | שפשפי | שיפשפי | שטוף | שטפי | שיטפי","IMPERATIVE_VERB","283","in 054",""
"sink | כיור | אמבטיה | משקע","NOUN","438","in 054",""
"mantel | mantelpiece | זיז","NOUN","449","in 054",""
"do | עשה | עשי | עישי | פעל | פעלי | פיעלי | בצע | בצעי | ביצעי","INDICATIVE_VERB | IMPERATIVE_VERB","463","in 054",""
"broom | מטאטא","NOUN","480","in 054",""
"dirty | מלוכלך | מזוהם | עכור","ADJECTIVE","481","in 054",""
"cuckoo | קוקיה | משוגע","NOUN","484","in 054",""
"diamond | diamonds | gem | gems | jewel | jewels | יהלום | יהלומים | חן | אודם","NOUN","151","in 054, 055, 056, 600",""
"pouch | כיס | שק | שקיק | פאוצ | ארנק | שקית","NOUN","150","in 054, 056",""
"fireplace | hearth | אח | מוקד | כבשן","NOUN","278","in 054, 060, 065, 067, 089, 654",""
"cabinet | cabinets | cupboard | cupboards | hutch | hutches | ארונית | ארוניות | מזנון | מזנונות | מחסנית","NOUN","292","in 054, 064, 067, 089, 654",""
"pantry | מזווה | אוצר","NOUN","418","in 054, 065",""
"time | זמן | עת | שעה","NOUN","425","in 054, 068",""
"is","INDICATIVE_VERB | IMPERATIVE_VERB","434","in 054, 068",""
"how | what | who | why | איך | מה | למה","ADVERB","455","in 054, 068",""
"clock | שעון | פעמון","NOUN","424","in 054, 068, 654",""
"dish | dishes | כלים | צלחת","NOUN","286","in 054, 089",""
"soup | stew | מרק | תבשיל | נזיד","NOUN","290","in 054, 654",""
"bowl | bowls | קערה | קערות","NOUN","389","in 054, 654",""
"dwarf | dwarfs | dwarves | גמד | גמדים","NOUN","279","in 056, 600, 654",""
"lantern | פנס | מנורה","NOUN","293","in 056, 605",""
"charm | scarab | חיפושית | תכשיט | חרפושית","NOUN","163","in 057",""
"hag | hags | witch | witches | מכשפה | מכשפות | קוסמת","NOUN","298","in 057",""
"brew | broth | crone | crones | שיקוי | מבושל","NOUN","299","in 057",""
"eye | עין | עיניים | אישון","NOUN","300","in 057, 509",""
"organ | עוגב | פסנתר","NOUN","305","in 058",""
"music | מוזיקה | זמרה | ניגון | תווים | תוים","NOUN","307","in 058",""
"sheet | סדין | דף | דפי","ADJECTIVE","308","in 058",""
"move | pull | push | shove | זוז | זוזי | משוך | משכי | מישכי | דחוף | דחפי | דיחפי | הזז | הזזי | היזזי | סובבי | סיבבי | סובב","IMPERATIVE_VERB","145","in 058, 060, 063, 067, 069, 510",""
"stand | עמדי | עימדי | התייצב | התייצבי | היתייצבי | קום | קומי","IMPERATIVE_VERB","390","in 058, 654",""
"lullaby | melody | song | tune | שיר | לחן","NOUN","132","in 059",""
"toy | צעצוע | משחק | בובה","NOUN","154","in 059",""
"hold | אחוז | אחזי | איחזי | החזק | החזיקי | היחזיקי","IMPERATIVE_VERB","304","in 059",""
"cradle | crib | עריסה","NOUN","312","in 059",""
"nursery | ילדים | פעוטון","NOUN","314","in 059",""
"rocker | נדנדה","NOUN","318","in 059",""
"ghost | ghosts | spirit | spirits | spook | spooks | רוח | רוחות | שד | רפאים | דמות","NOUN","170","in 059, 060, 063, 603",""
"horse | סוס | סוסה","NOUN","155","in 059, 094",""
"hum | sing | זמזם | זמזמי | זימזמי","IMPERATIVE_VERB","131","in 059, 514, 516",""
"ceiling | roof | תקרה | גג | כיפה","NOUN","416","in 060",""
"chandelier | lamp | נברשת","NOUN","476","in 060, 062, 064, 065, 067, 068, 091, 605",""
"trapdoor | מלכודת | דלת-סתרים","NOUN","321","in 060, 063",""
"ladder | סולם","NOUN","291","in 060, 063, 065, 069",""
"junk | relics | trash | זבל | פסולת | גרוטאות","NOUN","325","in 063",""
"birdcage | cage | כלוב | סורג","NOUN","417","in 063",""
"box | boxes | crate | crates | קופסא | קופסאות | ארגז | ארגזים | תיבת","NOUN","326","in 063, 069, 084",""
"boy | child | kid | ילד | נער | בן","NOUN","344","in 063, 603",""
"crumbs | פירורים | שאריות | חתיכות | פרורים","NOUN","474","in 064, 065",""
"butterchurn | מחבצה | חמאה","NOUN","419","in 065",""
"torch | torches | לפיד | לפידים | אבוקה","NOUN","262","in 066",""
"shovel | spade | את | חפירה","NOUN","334","in 066",""
"bookshelf | bookshelves | ספרייה","NOUN","336","in 067",""
"shakespeare | שייקספיר | מחזאי | סופר","NOUN","337","in 067",""
"couch | divan | sofa | ספה | כורסא","NOUN","338","in 067",""
"parlor | סלון","NOUN","342","in 067",""
"lift | raise | הרם | הרימי | הירימי | הגבה | הגביהי | היגביהי","IMPERATIVE_VERB","400","in 067",""
"left | שמאל | שמאלה | שמאלי","ADJECTIVE","420","in 067",""
"right | ימין | ימינה | ימני","ADJECTIVE","421","in 067",""
"flip | הפוך | הפכי | היפך | היפכי","IMPERATIVE_VERB","422","in 067",""
"book | books | ספר | ספרים | כרך","NOUN","134","in 067, 516",""
"wind | פתל | פתלי | פיתלי | כרוך | כרכי | כירכי","IMPERATIVE_VERB","426","in 068",""
"elderly | old | זקן | זקנה | קשיש | ישיש","ADJECTIVE","168","in 069",""
"casket | coffin | ארון-מתים","NOUN","346","in 069",""
"mummy | מומיה | גויה | עטוף","NOUN","348","in 069",""
"lid | מכסה | כיסוי","NOUN","401","in 069",""
"platform | במה | רציף","NOUN","427","in 069",""
"lower | הורד | הורידי | הורדי | שפל | שפלי | שיפלי | נמוך | נמכי | נימכי","IMPERATIVE_VERB","558","in 069",""
"pandora | pandora's | pandoras | פנדורה","NOUN","349","in 069, 084",""
"hemp | rope | חבל | קנבוס | חוט","NOUN","345","in 069, 095",""
"board | לוח | קרש | משטח","NOUN","350","in 070, 076",""
"crawl | creep | זחול | זחלי | זיחלי | התגנב | התגנבי | היתגנבי | סרוח | סרחי | סירחי","IMPERATIVE_VERB","354","in 073, 077",""
"abyss | chasm | crack | crevice | תהום | בקע | סדק | פער","NOUN","353","in 076",""
"marsh | swamp | בוץ","NOUN","355","in 077",""
"barn | stable | stall | אורווה | רפת | דיר","ADJECTIVE | NOUN","373","in 080, 094",""
"rose | ורד | שושנה","ADJECTIVE | NOUN","361","in 081",""
"untie | התיר | התירי | היתירי","IMPERATIVE_VERB","404","in 081",""
"lolotte | לולוט | מלכה","NOUN","210","in 082",""
"launch | shoot | ירה | ירי | יירי | שגר | שגרי | שיגרי | לירות","IMPERATIVE_VERB","70","in 082, 518",""
"machine | rack | מכונה | מתקן | מנגנון","NOUN","430","in 083",""
"whip | שוט | רצועה | מלקות","NOUN","431","in 083",""
"chain | chains | שרשרת | שרשראות | כבל","NOUN","395","in 083, 603",""
"turn | twist | פנה | פני | פיני","IMPERATIVE_VERB","89","in 083, 605",""
"candle | candles | נר | נרות","NOUN","263","in 086, 087, 091",""
"candelabra | פמוט","NOUN","432","in 086, 087, 091",""
"possessions | stuff | things | חפצים | דברים | רכוש","NOUN","371","in 089",""
"all | everything | הכל | כולם | כל","NOUN","437","in 089",""
"inventory | מלאי | רשימה","NOUN | IMPERATIVE_VERB","490","in 089",""
"throne | כסא | מלכות | כס","NOUN","372","in 092",""
"gate | שער","NOUN","166","in 094",""
"free | liberate | release | rescue | פדה | פדי | פידי | חלץ | חלצי | חילצי","IMPERATIVE_VERB","388","in 094",""
"unicorn | חד-קרן","NOUN","185","in 094, 518",""
"guide | lead | הדרך | הדריכי | הידריכי | הוביל | הובילי | הבילי | נהל | נהלי | ניהלי","IMPERATIVE_VERB","192","in 094, 518",""
"bait | הונה | הוני | הני | הטעה | הטעי | היטעי","IMPERATIVE_VERB","121","in 095",""
"peacock | peacocks | טווס | טווסים","NOUN","211","in 505",""
"feather | נוצה | כנף | זיף","NOUN","212","in 505",""
"branch | branches | limb | limbs | ענף | ענפים | גפה","NOUN","100","in 509",""
"chop | cut | hack | lop | sever | slice | קצוץ | קצצי | קיצצי | חתוך | חתכי | חיתכי | גזוז | גזזי | גיזזי | פרוס | פרסי | פירסי","IMPERATIVE_VERB","102","in 509",""
"swing | התנדנד | התנדנדי | היתנדנדי | הנף | הניפי | היניפי","NOUN | IMPERATIVE_VERB","445","in 509",""
"wave | גל | נופף | נופפי | הלום | הלמי | הילמי | נפפי | ניפפי","NOUN | IMPERATIVE_VERB","446","in 509",""
"conceal | hide | הסתר | הסתירי | היסתירי | החבא | החביאי | היחביאי | טמון | טמני | טימני","IMPERATIVE_VERB","108","in 509, 510",""
"ghoul | ghouls | monster | monsters | zombie | zombies | מפלצת | מפלצות | זומבי","NOUN","160","in 510",""
"tuft | tufts | ציצית | צמר | שיבולת","NOUN","428","in 513",""
"gray | grey | אפור | אפרורי","ADJECTIVE","36","in 513, 600",""
"off | מכובה | כבוי","PREPOSITION","103","in 513, 605",""
"pan | satyr | פאן | סטיר | תיש | סאטיר","NOUN","56","in 514",""
"with | עם | אצל | יחד","ASSOCIATION","58","in 514",""
"flute | pipe | pipes | חליל | צינור | חצוצרה","NOUN","60","in 514",""
"dance | frolic | romp | רקוד | רקדי | ריקדי | שמח | שמחי | שימחי | פזז | פזזי | פיזזי","IMPERATIVE_VERB","64","in 514",""
"lute | כינור | לאוטה | קטרוס","NOUN","66","in 514, 516",""
"bit | bridle | reins | מתג | רסן | רתום | רתמי | ריתמי","IMPERATIVE_VERB | NOUN","194","in 518",""
"horn | קרן | שופר | הקרן","NOUN","495","in 518",""
"passageway | tunnel | מנהרה | מסדרון","NOUN","352","in 600, 605",""
"oil | שמן | מוליך","NOUN","296","in 605",""
"extinguish | unlight | כבה | כבי | כיבי","IMPERATIVE_VERB","297","in 605",""
"troll | טרול","NOUN","351","in 605",""
"dark | dim | חשוך | אפל | עמום | קודר","ADJECTIVE | IMPERATIVE_VERB","359","in 605",""
"seawater","NOUN","5","",""
"across | לרוחב","PREPOSITION","20","",""
"over | מעל","PREPOSITION","21","",""
"above | מעליו | גבוה","PREPOSITION","22","",""
"the | this","ARTICLE","23","",""
"a | אחד | משהו","ARTICLE","24","",""
"an | אחת | איזה | אחר","ARTICLE","25","",""
"blue | כחול | תכלת","ADJECTIVE","26","",""
"green | ירוק | ירקרק | זית","ADJECTIVE","27","",""
"pink | ורוד | ורדרד | סגלגל","ADJECTIVE","28","",""
"purple | סגול | ארגמן | ארגוון","ADJECTIVE","29","",""
"brown | חום | שחום | אדמדם","ADJECTIVE","30","",""
"yellow | צהוב | צהבהב | זהוב","ADJECTIVE","31","",""
"silver | כסף | כסוף","ADJECTIVE","33","",""
"red | אדום | דם","ADJECTIVE","34","",""
"orange | כתום | תפוז","ADJECTIVE","35","",""
"black | שחור","ADJECTIVE","38","",""
"laugh | smile | צחק | צחקי | ציחקי | חייך | חייכי | חיכי | גיחך | גיחכי | גחכי","IMPERATIVE_VERB","43","",""
"onto | לעבר","PREPOSITION","44","",""
"to | לקראת","ASSOCIATION","59","",""
"fountain | מזרקה | מעיין","NOUN","75","",""
"marble | שיש | מרמר","NOUN","76","",""
"from | מ | מן | מאת","PREPOSITION","78","",""
"pump | משאבה | שאב | שאבי | שיאבי | מזרקת","NOUN | IMPERATIVE_VERB","82","",""
"wood | wooden | עץ | עצי | עציץ","ADJECTIVE | NOUN","84","",""
"big | huge | large | גדול | ענקי | רחב","ADJECTIVE","93","",""
"doorknob | knob | ידית | ידיות | כפתור","NOUN","94","",""
"log | בול | קורה","NOUN","99","",""
"arm | arms | זרוע | זרועות | יד","NOUN","104","",""
"grabbing | תופס | אוחז | לוכד","ADJECTIVE","105","",""
"creepy | frightening | scary | spooky | מפחיד | מסויט | מאיים | מעורר","ADJECTIVE","106","",""
"craggy | rocky | steep | סלעי | תלול | מסוכן","ADJECTIVE","113","",""
"hook | וו | קרס","NOUN","120","",""
"beautiful | cute | lovely | pretty | יפה | חמוד | מקסים","ADJECTIVE","126","",""
"dead | deceased | מת | נפטר","ADJECTIVE","127","",""
"bard | minstrel | זמר | משורר | פייטן","NOUN","130","",""
"for | בשביל | עבור | למען","PREPOSITION","133","",""
"page","NOUN","136","",""
"here | כאן | במקום","PREPOSITION","143","",""
"rattle | רעשן | רעש | רעשי | ריעשי | שקשוק","NOUN | IMPERATIVE_VERB","146","",""
"baby | תינוק | עולל | יונק","NOUN","147","",""
"shake | נערי | ניערי | רעד | רעדי | ריעדי | הנע | הניעי | היניעי","IMPERATIVE_VERB","148","",""
"bag | coin | sack | תיק | מטבעות","NOUN","149","",""
"badge | medal | אות | עיטור | תג | מדליה | מדלייה","NOUN","152","",""
"locket | תליון | מדליון | תיליון","NOUN","156","",""
"necklace","NOUN","157","",""
"obsidian | אובסידיאן","ADJECTIVE","164","",""
"haunted | רדוף | מקולל | מסתורי","ADJECTIVE","165","",""
"bounce | דלג | דלגי | דילגי","IMPERATIVE_VERB","177","",""
"my | your | שלי | שלך | שלה","ADJECTIVE","182","",""
"head | ראש | מוח","NOUN","183","",""
"food | snack | אוכל | מזון | חטיף","NOUN","187","",""
"entice | tempt | פתה | פתי | פיתי | הסית | הסיתי | היסיתי","IMPERATIVE_VERB","188","",""
"nose | אף | חוטם | חרטום","NOUN","190","",""
"dismount | רד | רדי","IMPERATIVE_VERB","193","",""
"trein | ehouse","NOUN","196","in 063",""
"follow | עקוב | עקבי | עיקבי | הלך | הלכי | הילכי | התבע | התבעי | היתבעי","IMPERATIVE_VERB","200","",""
"ivory | שנהב","ADJECTIVE","204","",""
"good | kind | טוב | נחמד | חביב","ADJECTIVE","207","",""
"bad | evil | mean | vicious | רע | רשע | אכזר","ADJECTIVE","208","",""
"wart | יבלת | גוש | פקעת","NOUN","215","",""
"of | של | שייך | קשור","CONJUNCTION","225","",""
"save | הצל | הצילי | גאל | גאלי","IMPERATIVE_VERB","240","",""
"me | rosella | rosie | self | אני | רוזלה | עצמי","NOUN","241","",""
"escape | flee | ברח | ברחי | נמלט | נמלטי | מלוט | מלטי","IMPERATIVE_VERB","242","",""
"exit | leave | opening | צא | צאי | עזוב | עזבי | מוצא","IMPERATIVE_VERB | NOUN","243","",""
"belly | stomach | tummy | בטן | כרס | מעיים","NOUN","244","",""
"bone | bones | עצם | עצמות","NOUN","245","",""
"rib | ribs | צלע | צלעות | חזה","NOUN","247","",""
"heap | pile | ערימה","NOUN","248","",""
"light | אור | הדלק | הדליקי | האר | האירי","NOUN | IMPERATIVE_VERB","249","",""
"collect | gather | אסוף | איספי | קבץ | קבצי | צבור | צברי","IMPERATIVE_VERB","251","",""
"cat | feline | חתול | חתולה | מחתלת","NOUN","260","",""
"cure | heal | רפא | רפאי | הבריא | הבריאי","IMPERATIVE_VERB","261","",""
"that","ASSOCIATION","271","",""
"laid | lays | שוכב | שוכבת | מונח","IMPERATIVE_VERB","272","",""
"living | חי | קיים","ADJECTIVE","277","",""
"seven | שבעה | שבע | זז","ADJECTIVE","280","",""
"pillow | pillows | כר | כרים | כרית","NOUN","281","",""
"cooking | בישול | מבשל | מבשלת | בשל | בשלי","NOUN | IMPERATIVE_VERB","289","",""
"back | אחורה | חזרה | גב","PREPOSITION","295","",""
"glass | זכוכית | שקוף","NOUN","301","",""
"polish | rub | מרוק | מרקי | לטש | לטשי","IMPERATIVE_VERB","302","",""
"show | הראה | הראי | הצג | הציגי","IMPERATIVE_VERB","303","",""
"cobweb | cobwebs | web | webs | קורי | עכביש | רשת | קורים","NOUN","306","",""
"keys | מפתחות | צמדים","NOUN","310","",""
"spiral | ספירלה | סיבוב | לולייני","ADJECTIVE","311","",""
"rocking | נדנוד | נד | נדי","NOUN | IMPERATIVE_VERB","317","",""
"attic | עליית-גג | לול","NOUN","320","",""
"broken | cracked | סדוק | נשבר","ADJECTIVE","322","",""
"ripped | torn | קרוע | נקרע | מבותר","ADJECTIVE","323","",""
"dining | סעודה | ארוחה","ADJECTIVE","327","",""
"hanging | תלוי | תלויה | מתנדנד","ADJECTIVE","329","",""
"basket | baskets | סל | סלים","NOUN","330","",""
"miser | קמצן | כילאי | צנוע","NOUN","332","",""
"young | צעיר | צעירה","ADJECTIVE","333","",""
"secret | סוד | סודי | נסתר","ADJECTIVE | NOUN","335","",""
"lord | master | אדון | שליט","NOUN","339","",""
"manor | אחוזה | נחלה","NOUN","340","",""
"honor | כבוד | יוקרה | הוד","NOUN","341","",""
"fruit | פרי | תפוח | אשכול","NOUN","356","",""
"life | חיים | נשמה","NOUN","357","",""
"cobra | serpent | snake | viper | קוברה | נחש | צפע | זוחל","NOUN","358","",""
"forbidding | אסור","ADJECTIVE","360","",""
"toward | אל | כלפי","PREPOSITION","363","",""
"away | הרחק | משם | רחוק","PREPOSITION","364","",""
"cell | prison | תא | סוהר","NOUN","366","",""
"torture | עינויים | ייסורים | סבל","ADJECTIVE","367","",""
"storage | store | מחסן | אחסון","ADJECTIVE","368","",""
"guard | guards | שומר | שומרים | משגיח","NOUN","369","",""
"courtyard | חצר | רחבה | כיכר","NOUN","374","",""
"edgar | son | אדגר","NOUN","376","",""
"animal | beast | creature | חיה | בהמה | יצור","NOUN","377","",""
"instrument | כלי | נגינה | מכשיר","NOUN","378","",""
"musical | מוזיקלי | קולי","ADJECTIVE","379","",""
"colorful | צבעוני | מגוון","ADJECTIVE","380","",""
"fir | pine | spruce | אשוח | אורן | ברוש","ADJECTIVE","381","",""
"glittering | shining | shiny | sparkling | מבריק | נוצץ | זוהר | נוצח","ADJECTIVE","382","",""
"embrace | hug | חבק | חבקי | אמוץ | אמצי | גופף | גופפי","IMPERATIVE_VERB","384","",""
"along | לאורך | בצד","PREPOSITION","386","",""
"good-looking | handsome | hunky | נאה | חתיך","ADJECTIVE","387","",""
"dying | ill | sick | גוסס | חולה | רפה","ADJECTIVE","392","",""
"three | שלושה | שלוש | תלת","ADJECTIVE","393","",""
"hideous | ugly | מכוער | נורא | איום","ADJECTIVE","394","",""
"heavy | כבד | משקיל | דחוס","ADJECTIVE","396","",""
"command | order | tell | צווה | צוי | הורה | הורי","IMPERATIVE_VERB","398","",""
"say | אמור | אמרי | הגד | הגידי","INDICATIVE_VERB | IMPERATIVE_VERB","399","",""
"wandering | נודד | משוטט | תועה","ADJECTIVE","402","",""
"letter | note | notes | paper | מכתב | פתק | פתקים | נייר","NOUN","403","",""
"thorn | קוץ | דרדר | עוקץ","NOUN","406","",""
"decrepit | poor | run-down | shabby | רעוע | דל | עלוב | מוזנח","ADJECTIVE","408","",""
"narrow | thin | צר","ADJECTIVE","410","",""
"desert | מדבר | שממה | ערבה","ADJECTIVE | NOUN","411","",""
"seashell | shell | צדף | קונכייה | קליפה","NOUN","415","",""
"grandfather | adjective | סבא | אב","ADJECTIVE","423","",""
"hay | חציר | תבן","NOUN","429","",""
"round | עגול | עיגול | סיבובי","ADJECTIVE","433","",""
"wish | משאלה | רצון | איחל | איחלי | בקש | בקשי","NOUN | IMPERATIVE_VERB","435","",""
"dress | שמלה | לבוש | בגד","NOUN","442","",""
"undressed | noun | ערום | חשוף","NOUN","443","",""
"undress | התפשט | התפשטי | פשוט | פשטי","IMPERATIVE_VERB","448","",""
"mem | סימן","NOUN","450","",""
"tp","IMPERATIVE_VERB","451","",""
"you | אתה | אתם","NOUN","454","",""
"when | מתי | כאשר | בעת","ADVERB","456","",""
"where | איפה | היכן","ADVERB","457","",""
"he | her | him | his | it | she | them | הוא | היא | אותו | אותה | זה | הם","PRONOUN","459","",""
"ass | asshole | bastard | bitch | bullshit | clit | cock | cocksucker | crap | cunt | damn | fart | fuck | piss | shit | shithead | turd | חמור | ממזר | כלבה | שטויות | חרא | לעזאזל","IMPERATIVE_VERB | NOUN","462","",""
"cloud | ענן | עב | עננה","NOUN","464","",""
"more | some | עוד | יותר | כמה","ADJECTIVE","465","",""
"quit | הפסק | הפסיקי","IMPERATIVE_VERB","467","",""
"gruel | דייסה | תערובת","NOUN","470","",""
"counter | דלפק | מונה","NOUN","475","",""
"moon | star | ירח | כוכב | לבנה","NOUN","477","",""
"night | לילה | ערב | חשכה","NOUN","478","",""
"and | וגם | בנוסף","CONJUNCTION","479","",""
"two | שניים | זוג","ADJECTIVE","483","",""
"by | באמצעות","PREPOSITION","487","",""
"full | מלא | מלאה | שלם","ADJECTIVE","488","",""
"smoke | עשן | ערפל | אדים","NOUN","493","",""
"ledge | מרפסת","NOUN","494","",""
"listen | הקשב | הקשיבי | שמע | שמעי | האזן | האזיני","IMPERATIVE_VERB","496","",""
"game","NOUN","500","",""
"restore | שחזר | שחזרי | החזר | החזירי | שקם | שקמי","IMPERATIVE_VERB","501","",""
"restart | אתחל | אתחלי","IMPERATIVE_VERB","502","",""
"pause | השהה | השהי | עצור | עצרי | הקפא | הקפיאי","IMPERATIVE_VERB","503","",""
"overtime | שעות | נוספות","IMPERATIVE_VERB","555","",""
"nosleep | ערות","NOUN","556","",""
"feel | reach | touch | הרגש | הרגישי | הושט | הושיטי | גע | געי","IMPERATIVE_VERB","557","",""
"uni | חד","NOUN","560","",""
"0 | 1 | 2 | 3 | 4 | 5 | 6 | 7 | 8 | 9","NOUN","559","",""
"anynumber | מספר | כלשהו","NOUN | IMPERATIVE_VERB","4093","",""
"!* | noword","","4094","",""
"* | anyword","CONJUNCTION | PREPOSITION | ARTICLE | ADJECTIVE | PRONOUN | NOUN | INDICATIVE_VERB | ADVERB | IMPERATIVE_VERB","4095","",""
"1hebrew1prefix1bet","PREPOSITION | ARTICLE | ADJECTIVE","","",""
"1hebrew1prefix1lamed","PREPOSITION | ARTICLE | ADJECTIVE","","",""
"1hebrew1prefix1mem","PREPOSITION | ARTICLE | ADJECTIVE","","",""
